{"std":0.9000000357627869,"clip_frac":0,"grad_norm":0.12713706493377686,"_runtime":644.0471094,"surr1":-0.012594934552907944,"ratio":1.0016087293624878,"pi_loss":0.012594934552907944,"approx_kl":-0.001463945023715496,"val_loss":3.0379079807296705e-10,"surr2":-0.012594934552907944,"_wandb":{"runtime":644},"_timestamp":1.7450382163973725e+09,"_step":92160}